Code INS,Entités administratives,Langue,Région,Province,Arrondissement,Codes postaux,,,,,,,,,,,,,,,
11001,Aartselaar,N,RÉGION FLAMANDE,Province d'Anvers,Arrondissement d'Anvers,2630,,,,,,,,,,,,,,,
11002,Anvers,N,RÉGION FLAMANDE,Province d'Anvers,Arrondissement d'Anvers,2000,2018,2020,2030,2040,2050,2060,2100,2180,2600,2610,2660,,,,
11004,Boechout,N,RÉGION FLAMANDE,Province d'Anvers,Arrondissement d'Anvers,2530,2531,,,,,,,,,,,,,,
11005,Boom,N,RÉGION FLAMANDE,Province d'Anvers,Arrondissement d'Anvers,2850,,,,,,,,,,,,,,,
11007,Borsbeek,N,RÉGION FLAMANDE,Province d'Anvers,Arrondissement d'Anvers,2150,,,,,,,,,,,,,,,
11008,Brasschaat,N,RÉGION FLAMANDE,Province d'Anvers,Arrondissement d'Anvers,2930,,,,,,,,,,,,,,,
11009,Brecht,N,RÉGION FLAMANDE,Province d'Anvers,Arrondissement d'Anvers,2960,,,,,,,,,,,,,,,
11013,Edegem,N,RÉGION FLAMANDE,Province d'Anvers,Arrondissement d'Anvers,2650,,,,,,,,,,,,,,,
11016,Essen,N,RÉGION FLAMANDE,Province d'Anvers,Arrondissement d'Anvers,2910,,,,,,,,,,,,,,,
11018,Hemiksem,N,RÉGION FLAMANDE,Province d'Anvers,Arrondissement d'Anvers,2620,,,,,,,,,,,,,,,
11021,Hove,N,RÉGION FLAMANDE,Province d'Anvers,Arrondissement d'Anvers,2540,,,,,,,,,,,,,,,
11022,Kalmthout,N,RÉGION FLAMANDE,Province d'Anvers,Arrondissement d'Anvers,2920,,,,,,,,,,,,,,,
11023,Kapellen,N,RÉGION FLAMANDE,Province d'Anvers,Arrondissement d'Anvers,2950,,,,,,,,,,,,,,,
11024,Kontich,N,RÉGION FLAMANDE,Province d'Anvers,Arrondissement d'Anvers,2550,,,,,,,,,,,,,,,
11025,Lint,N,RÉGION FLAMANDE,Province d'Anvers,Arrondissement d'Anvers,2547,,,,,,,,,,,,,,,
11029,Mortsel,N,RÉGION FLAMANDE,Province d'Anvers,Arrondissement d'Anvers,2640,,,,,,,,,,,,,,,
11030,Niel,N,RÉGION FLAMANDE,Province d'Anvers,Arrondissement d'Anvers,2845,,,,,,,,,,,,,,,
11035,Ranst,N,RÉGION FLAMANDE,Province d'Anvers,Arrondissement d'Anvers,2520,,,,,,,,,,,,,,,
11037,Rumst,N,RÉGION FLAMANDE,Province d'Anvers,Arrondissement d'Anvers,2840,,,,,,,,,,,,,,,
11038,Schelle,N,RÉGION FLAMANDE,Province d'Anvers,Arrondissement d'Anvers,2627,,,,,,,,,,,,,,,
11039,Schilde,N,RÉGION FLAMANDE,Province d'Anvers,Arrondissement d'Anvers,2970,,,,,,,,,,,,,,,
11040,Schoten,N,RÉGION FLAMANDE,Province d'Anvers,Arrondissement d'Anvers,2900,,,,,,,,,,,,,,,
11044,Stabroek,N,RÉGION FLAMANDE,Province d'Anvers,Arrondissement d'Anvers,2940,,,,,,,,,,,,,,,
11050,Wijnegem,N,RÉGION FLAMANDE,Province d'Anvers,Arrondissement d'Anvers,2110,,,,,,,,,,,,,,,
11052,Wommelgem,N,RÉGION FLAMANDE,Province d'Anvers,Arrondissement d'Anvers,2160,,,,,,,,,,,,,,,
11053,Wuustwezel,N,RÉGION FLAMANDE,Province d'Anvers,Arrondissement d'Anvers,2990,,,,,,,,,,,,,,,
11054,Zandhoven,N,RÉGION FLAMANDE,Province d'Anvers,Arrondissement d'Anvers,2240,2242,2243,,,,,,,,,,,,,
11055,Zoersel,N,RÉGION FLAMANDE,Province d'Anvers,Arrondissement d'Anvers,2980,,,,,,,,,,,,,,,
11056,Zwijndrecht,N,RÉGION FLAMANDE,Province d'Anvers,Arrondissement d'Anvers,2070,,,,,,,,,,,,,,,
11057,Malle,N,RÉGION FLAMANDE,Province d'Anvers,Arrondissement d'Anvers,2390,,,,,,,,,,,,,,,
12002,Berlaar,N,RÉGION FLAMANDE,Province d'Anvers,Arrondissement de Malines,2590,,,,,,,,,,,,,,,
12005,Bonheiden,N,RÉGION FLAMANDE,Province d'Anvers,Arrondissement de Malines,2820,,,,,,,,,,,,,,,
12007,Bornem,N,RÉGION FLAMANDE,Province d'Anvers,Arrondissement de Malines,2880,,,,,,,,,,,,,,,
12009,Duffel,N,RÉGION FLAMANDE,Province d'Anvers,Arrondissement de Malines,2570,,,,,,,,,,,,,,,
12014,Heist-op-den-Berg,N,RÉGION FLAMANDE,Province d'Anvers,Arrondissement de Malines,2220,2221,2222,2223,,,,,,,,,,,,
12021,Lierre,N,RÉGION FLAMANDE,Province d'Anvers,Arrondissement de Malines,2500,,,,,,,,,,,,,,,
12025,Malines,N,RÉGION FLAMANDE,Province d'Anvers,Arrondissement de Malines,2800,2801,2811,2812,,,,,,,,,,,,
12026,Nijlen,N,RÉGION FLAMANDE,Province d'Anvers,Arrondissement de Malines,2560,,,,,,,,,,,,,,,
12029,Putte,N,RÉGION FLAMANDE,Province d'Anvers,Arrondissement de Malines,2580,,,,,,,,,,,,,,,
12030,Puurs,N,RÉGION FLAMANDE,Province d'Anvers,Arrondissement de Malines,2870,,,,,,,,,,,,,,,
12034,Sint-Amands,N,RÉGION FLAMANDE,Province d'Anvers,Arrondissement de Malines,2890,,,,,,,,,,,,,,,
12035,Sint-Katelijne-Waver,N,RÉGION FLAMANDE,Province d'Anvers,Arrondissement de Malines,2860,2861,,,,,,,,,,,,,,
12040,Willebroek,N,RÉGION FLAMANDE,Province d'Anvers,Arrondissement de Malines,2830,,,,,,,,,,,,,,,
13001,Arendonk,N,RÉGION FLAMANDE,Province d'Anvers,Arrondissement de Turnhout,2370,,,,,,,,,,,,,,,
13002,Baerle-Duc,N,RÉGION FLAMANDE,Province d'Anvers,Arrondissement de Turnhout,2387,,,,,,,,,,,,,,,
13003,Balen,N,RÉGION FLAMANDE,Province d'Anvers,Arrondissement de Turnhout,2490,2491,,,,,,,,,,,,,,
13004,Beerse,N,RÉGION FLAMANDE,Province d'Anvers,Arrondissement de Turnhout,2340,,,,,,,,,,,,,,,
13006,Dessel,N,RÉGION FLAMANDE,Province d'Anvers,Arrondissement de Turnhout,2480,,,,,,,,,,,,,,,
13008,Geel,N,RÉGION FLAMANDE,Province d'Anvers,Arrondissement de Turnhout,2440,,,,,,,,,,,,,,,
13010,Grobbendonk,N,RÉGION FLAMANDE,Province d'Anvers,Arrondissement de Turnhout,2280,2288,,,,,,,,,,,,,,
13011,Herentals,N,RÉGION FLAMANDE,Province d'Anvers,Arrondissement de Turnhout,2200,,,,,,,,,,,,,,,
13012,Herenthout,N,RÉGION FLAMANDE,Province d'Anvers,Arrondissement de Turnhout,2270,,,,,,,,,,,,,,,
13013,Herselt,N,RÉGION FLAMANDE,Province d'Anvers,Arrondissement de Turnhout,2230,,,,,,,,,,,,,,,
13014,Hoogstraten,N,RÉGION FLAMANDE,Province d'Anvers,Arrondissement de Turnhout,2320,2321,2322,2323,,,,,,,,,,,,
13016,Hulshout,N,RÉGION FLAMANDE,Province d'Anvers,Arrondissement de Turnhout,2235,,,,,,,,,,,,,,,
13017,Kasterlee,N,RÉGION FLAMANDE,Province d'Anvers,Arrondissement de Turnhout,2460,,,,,,,,,,,,,,,
13019,Lille,N,RÉGION FLAMANDE,Province d'Anvers,Arrondissement de Turnhout,2275,,,,,,,,,,,,,,,
13021,Meerhout,N,RÉGION FLAMANDE,Province d'Anvers,Arrondissement de Turnhout,2450,,,,,,,,,,,,,,,
13023,Merksplas,N,RÉGION FLAMANDE,Province d'Anvers,Arrondissement de Turnhout,2330,,,,,,,,,,,,,,,
13025,Mol,N,RÉGION FLAMANDE,Province d'Anvers,Arrondissement de Turnhout,2400,,,,,,,,,,,,,,,
13029,Olen,N,RÉGION FLAMANDE,Province d'Anvers,Arrondissement de Turnhout,2250,,,,,,,,,,,,,,,
13031,Oud-Turnhout,N,RÉGION FLAMANDE,Province d'Anvers,Arrondissement de Turnhout,2360,,,,,,,,,,,,,,,
13035,Ravels,N,RÉGION FLAMANDE,Province d'Anvers,Arrondissement de Turnhout,2380,2381,2382,,,,,,,,,,,,,
13036,Retie,N,RÉGION FLAMANDE,Province d'Anvers,Arrondissement de Turnhout,2470,,,,,,,,,,,,,,,
13037,Rijkevorsel,N,RÉGION FLAMANDE,Province d'Anvers,Arrondissement de Turnhout,2310,,,,,,,,,,,,,,,
13040,Turnhout,N,RÉGION FLAMANDE,Province d'Anvers,Arrondissement de Turnhout,2300,,,,,,,,,,,,,,,
13044,Vorselaar,N,RÉGION FLAMANDE,Province d'Anvers,Arrondissement de Turnhout,2290,,,,,,,,,,,,,,,
13046,Vosselaar,N,RÉGION FLAMANDE,Province d'Anvers,Arrondissement de Turnhout,2350,,,,,,,,,,,,,,,
13049,Westerlo,N,RÉGION FLAMANDE,Province d'Anvers,Arrondissement de Turnhout,2260,,,,,,,,,,,,,,,
13053,Laakdal,N,RÉGION FLAMANDE,Province d'Anvers,Arrondissement de Turnhout,2430,2431,,,,,,,,,,,,,,
21001,Anderlecht,FN,RÉGION DE BRUXELLES-CAPITALE,Province du Brabant Flamand - Bruxelles,Arrondissement de Bruxelles-Capitale,1070,,,,,,,,,,,,,,,
21002,Auderghem,FN,RÉGION DE BRUXELLES-CAPITALE,Province du Brabant Flamand - Bruxelles,Arrondissement de Bruxelles-Capitale,1160,,,,,,,,,,,,,,,
21003,Berchem-Sainte-Agathe,FN,RÉGION DE BRUXELLES-CAPITALE,Province du Brabant Flamand - Bruxelles,Arrondissement de Bruxelles-Capitale,1082,,,,,,,,,,,,,,,
21004,Bruxelles,FN,RÉGION DE BRUXELLES-CAPITALE,Province du Brabant Flamand - Bruxelles,Arrondissement de Bruxelles-Capitale,1000,1020,1120,1130,,,,,,,,,,,,
21005,Etterbeek,FN,RÉGION DE BRUXELLES-CAPITALE,Province du Brabant Flamand - Bruxelles,Arrondissement de Bruxelles-Capitale,1040,,,,,,,,,,,,,,,
21006,Evere,FN,RÉGION DE BRUXELLES-CAPITALE,Province du Brabant Flamand - Bruxelles,Arrondissement de Bruxelles-Capitale,1140,,,,,,,,,,,,,,,
21007,Forest,FN,RÉGION DE BRUXELLES-CAPITALE,Province du Brabant Flamand - Bruxelles,Arrondissement de Bruxelles-Capitale,1190,,,,,,,,,,,,,,,
21008,Ganshoren,FN,RÉGION DE BRUXELLES-CAPITALE,Province du Brabant Flamand - Bruxelles,Arrondissement de Bruxelles-Capitale,1083,,,,,,,,,,,,,,,
21009,Ixelles,FN,RÉGION DE BRUXELLES-CAPITALE,Province du Brabant Flamand - Bruxelles,Arrondissement de Bruxelles-Capitale,1050,,,,,,,,,,,,,,,
21010,Jette,FN,RÉGION DE BRUXELLES-CAPITALE,Province du Brabant Flamand - Bruxelles,Arrondissement de Bruxelles-Capitale,1090,,,,,,,,,,,,,,,
21011,Koekelberg,FN,RÉGION DE BRUXELLES-CAPITALE,Province du Brabant Flamand - Bruxelles,Arrondissement de Bruxelles-Capitale,1081,,,,,,,,,,,,,,,
21012,Molenbeek-Saint-Jean,FN,RÉGION DE BRUXELLES-CAPITALE,Province du Brabant Flamand - Bruxelles,Arrondissement de Bruxelles-Capitale,1080,,,,,,,,,,,,,,,
21013,Saint-Gilles,FN,RÉGION DE BRUXELLES-CAPITALE,Province du Brabant Flamand - Bruxelles,Arrondissement de Bruxelles-Capitale,1060,,,,,,,,,,,,,,,
21014,Saint-Josse-ten-Noode,FN,RÉGION DE BRUXELLES-CAPITALE,Province du Brabant Flamand - Bruxelles,Arrondissement de Bruxelles-Capitale,1210,,,,,,,,,,,,,,,
21015,Schaerbeek,FN,RÉGION DE BRUXELLES-CAPITALE,Province du Brabant Flamand - Bruxelles,Arrondissement de Bruxelles-Capitale,1030,,,,,,,,,,,,,,,
21016,Uccle,FN,RÉGION DE BRUXELLES-CAPITALE,Province du Brabant Flamand - Bruxelles,Arrondissement de Bruxelles-Capitale,1180,,,,,,,,,,,,,,,
21017,Watermael-Boitsfort,FN,RÉGION DE BRUXELLES-CAPITALE,Province du Brabant Flamand - Bruxelles,Arrondissement de Bruxelles-Capitale,1170,,,,,,,,,,,,,,,
21018,Woluwe-Saint-Lambert,FN,RÉGION DE BRUXELLES-CAPITALE,Province du Brabant Flamand - Bruxelles,Arrondissement de Bruxelles-Capitale,1200,,,,,,,,,,,,,,,
21019,Woluwe-Saint-Pierre,FN,RÉGION DE BRUXELLES-CAPITALE,Province du Brabant Flamand - Bruxelles,Arrondissement de Bruxelles-Capitale,1150,,,,,,,,,,,,,,,
23002,Asse,N,RÉGION FLAMANDE,Province du Brabant Flamand,Arrondissement de Hal-Vilvorde,1730,1731,,,,,,,,,,,,,,
23003,Beersel,N,RÉGION FLAMANDE,Province du Brabant Flamand,Arrondissement de Hal-Vilvorde,1650,1651,1652,1653,,,,,,,,,,,,
23009,Biévène,N,RÉGION FLAMANDE,Province du Brabant Flamand,Arrondissement de Hal-Vilvorde,1547,,,,,,,,,,,,,,,
23016,Dilbeek,N,RÉGION FLAMANDE,Province du Brabant Flamand,Arrondissement de Hal-Vilvorde,1700,1701,1702,1703,,,,,,,,,,,,
23023,Gammerages,N,RÉGION FLAMANDE,Province du Brabant Flamand,Arrondissement de Hal-Vilvorde,1570,,,,,,,,,,,,,,,
23024,Gooik,N,RÉGION FLAMANDE,Province du Brabant Flamand,Arrondissement de Hal-Vilvorde,1755,,,,,,,,,,,,,,,
23025,Grimbergen,N,RÉGION FLAMANDE,Province du Brabant Flamand,Arrondissement de Hal-Vilvorde,1850,1851,1852,1853,,,,,,,,,,,,
23027,Hal,N,RÉGION FLAMANDE,Province du Brabant Flamand,Arrondissement de Hal-Vilvorde,1500,1501,1502,,,,,,,,,,,,,
23032,Herne,N,RÉGION FLAMANDE,Province du Brabant Flamand,Arrondissement de Hal-Vilvorde,1540,1541,,,,,,,,,,,,,,
23033,Hoeilaart,N,RÉGION FLAMANDE,Province du Brabant Flamand,Arrondissement de Hal-Vilvorde,1560,,,,,,,,,,,,,,,
23038,Kampenhout,N,RÉGION FLAMANDE,Province du Brabant Flamand,Arrondissement de Hal-Vilvorde,1910,,,,,,,,,,,,,,,
23039,Kapelle-op-den-Bos,N,RÉGION FLAMANDE,Province du Brabant Flamand,Arrondissement de Hal-Vilvorde,1880,,,,,,,,,,,,,,,
23044,Liedekerke,N,RÉGION FLAMANDE,Province du Brabant Flamand,Arrondissement de Hal-Vilvorde,1770,,,,,,,,,,,,,,,
23045,Londerzeel,N,RÉGION FLAMANDE,Province du Brabant Flamand,Arrondissement de Hal-Vilvorde,1840,,,,,,,,,,,,,,,
23047,Machelen,N,RÉGION FLAMANDE,Province du Brabant Flamand,Arrondissement de Hal-Vilvorde,1830,1831,,,,,,,,,,,,,,
23050,Meise,N,RÉGION FLAMANDE,Province du Brabant Flamand,Arrondissement de Hal-Vilvorde,1860,1861,,,,,,,,,,,,,,
23052,Merchtem,N,RÉGION FLAMANDE,Province du Brabant Flamand,Arrondissement de Hal-Vilvorde,1785,,,,,,,,,,,,,,,
23060,Opwijk,N,RÉGION FLAMANDE,Province du Brabant Flamand,Arrondissement de Hal-Vilvorde,1745,,,,,,,,,,,,,,,
23062,Overijse,N,RÉGION FLAMANDE,Province du Brabant Flamand,Arrondissement de Hal-Vilvorde,3090,,,,,,,,,,,,,,,
23064,Pepingen,N,RÉGION FLAMANDE,Province du Brabant Flamand,Arrondissement de Hal-Vilvorde,1670,1673,1674,,,,,,,,,,,,,
23077,Sint-Pieters-Leeuw,N,RÉGION FLAMANDE,Province du Brabant Flamand,Arrondissement de Hal-Vilvorde,1600,1601,1602,,,,,,,,,,,,,
23081,Steenokkerzeel,N,RÉGION FLAMANDE,Province du Brabant Flamand,Arrondissement de Hal-Vilvorde,1820,,,,,,,,,,,,,,,
23086,Ternat,N,RÉGION FLAMANDE,Province du Brabant Flamand,Arrondissement de Hal-Vilvorde,1740,1741,1742,,,,,,,,,,,,,
23088,Vilvorde,N,RÉGION FLAMANDE,Province du Brabant Flamand,Arrondissement de Hal-Vilvorde,1800,,,,,,,,,,,,,,,
23094,Zaventem,N,RÉGION FLAMANDE,Province du Brabant Flamand,Arrondissement de Hal-Vilvorde,1930,1932,1933,,,,,,,,,,,,,
23096,Zemst,N,RÉGION FLAMANDE,Province du Brabant Flamand,Arrondissement de Hal-Vilvorde,1980,1981,1982,,,,,,,,,,,,,
23097,Roosdaal,N,RÉGION FLAMANDE,Province du Brabant Flamand,Arrondissement de Hal-Vilvorde,1760,1761,,,,,,,,,,,,,,
23098,Drogenbos,N,RÉGION FLAMANDE,Province du Brabant Flamand,Arrondissement de Hal-Vilvorde,1620,,,,,,,,,,,,,,,
23099,Kraainem,N,RÉGION FLAMANDE,Province du Brabant Flamand,Arrondissement de Hal-Vilvorde,1950,,,,,,,,,,,,,,,
23100,Linkebeek,N,RÉGION FLAMANDE,Province du Brabant Flamand,Arrondissement de Hal-Vilvorde,1630,,,,,,,,,,,,,,,
23101,Rhode-Saint-Genèse,N,RÉGION FLAMANDE,Province du Brabant Flamand,Arrondissement de Hal-Vilvorde,1640,,,,,,,,,,,,,,,
23102,Wemmel,N,RÉGION FLAMANDE,Province du Brabant Flamand,Arrondissement de Hal-Vilvorde,1780,,,,,,,,,,,,,,,
23103,Wezembeek-Oppem,N,RÉGION FLAMANDE,Province du Brabant Flamand,Arrondissement de Hal-Vilvorde,1970,,,,,,,,,,,,,,,
23104,Lennik,N,RÉGION FLAMANDE,Province du Brabant Flamand,Arrondissement de Hal-Vilvorde,1750,,,,,,,,,,,,,,,
23105,Affligem,N,RÉGION FLAMANDE,Province du Brabant Flamand,Arrondissement de Hal-Vilvorde,1790,,,,,,,,,,,,,,,
24001,Aarschot,N,RÉGION FLAMANDE,Province du Brabant Flamand,Arrondissement de Louvain,3200,3201,3202,,,,,,,,,,,,,
24007,Begijnendijk,N,RÉGION FLAMANDE,Province du Brabant Flamand,Arrondissement de Louvain,3130,,,,,,,,,,,,,,,
24008,Bekkevoort,N,RÉGION FLAMANDE,Province du Brabant Flamand,Arrondissement de Louvain,3460,3461,,,,,,,,,,,,,,
24009,Bertem,N,RÉGION FLAMANDE,Province du Brabant Flamand,Arrondissement de Louvain,3060,3061,,,,,,,,,,,,,,
24011,Bierbeek,N,RÉGION FLAMANDE,Province du Brabant Flamand,Arrondissement de Louvain,3360,,,,,,,,,,,,,,,
24014,Boortmeerbeek,N,RÉGION FLAMANDE,Province du Brabant Flamand,Arrondissement de Louvain,3190,3191,,,,,,,,,,,,,,
24016,Boutersem,N,RÉGION FLAMANDE,Province du Brabant Flamand,Arrondissement de Louvain,3370,,,,,,,,,,,,,,,
24020,Diest,N,RÉGION FLAMANDE,Province du Brabant Flamand,Arrondissement de Louvain,3290,3293,3294,,,,,,,,,,,,,
24028,Geetbets,N,RÉGION FLAMANDE,Province du Brabant Flamand,Arrondissement de Louvain,3450,3454,,,,,,,,,,,,,,
24033,Haacht,N,RÉGION FLAMANDE,Province du Brabant Flamand,Arrondissement de Louvain,3150,,,,,,,,,,,,,,,
24038,Herent,N,RÉGION FLAMANDE,Province du Brabant Flamand,Arrondissement de Louvain,3020,,,,,,,,,,,,,,,
24041,Hoegaarden,N,RÉGION FLAMANDE,Province du Brabant Flamand,Arrondissement de Louvain,3320,3321,,,,,,,,,,,,,,
24043,Holsbeek,N,RÉGION FLAMANDE,Province du Brabant Flamand,Arrondissement de Louvain,3220,3221,,,,,,,,,,,,,,
24045,Huldenberg,N,RÉGION FLAMANDE,Province du Brabant Flamand,Arrondissement de Louvain,3040,,,,,,,,,,,,,,,
24048,Keerbergen,N,RÉGION FLAMANDE,Province du Brabant Flamand,Arrondissement de Louvain,3140,,,,,,,,,,,,,,,
24054,Kortenaken,N,RÉGION FLAMANDE,Province du Brabant Flamand,Arrondissement de Louvain,3470,3471,3472,3473,,,,,,,,,,,,
24055,Kortenberg,N,RÉGION FLAMANDE,Province du Brabant Flamand,Arrondissement de Louvain,3070,3071,3078,,,,,,,,,,,,,
24059,Landen,N,RÉGION FLAMANDE,Province du Brabant Flamand,Arrondissement de Louvain,3400,3401,3404,,,,,,,,,,,,,
24062,Louvain,N,RÉGION FLAMANDE,Province du Brabant Flamand,Arrondissement de Louvain,3000,3001,3010,3012,,,,,,,,,,,,
24066,Lubbeek,N,RÉGION FLAMANDE,Province du Brabant Flamand,Arrondissement de Louvain,3210,3211,3212,,,,,,,,,,,,,
24086,Oud-Heverlee,N,RÉGION FLAMANDE,Province du Brabant Flamand,Arrondissement de Louvain,3050,3051,3052,3053,,,,,,,,,,,,
24094,Rotselaar,N,RÉGION FLAMANDE,Province du Brabant Flamand,Arrondissement de Louvain,3110,3111,3118,,,,,,,,,,,,,
24104,Tervuren,N,RÉGION FLAMANDE,Province du Brabant Flamand,Arrondissement de Louvain,3080,,,,,,,,,,,,,,,
24107,Tirlemont,N,RÉGION FLAMANDE,Province du Brabant Flamand,Arrondissement de Louvain,3300,,,,,,,,,,,,,,,
24109,Tremelo,N,RÉGION FLAMANDE,Province du Brabant Flamand,Arrondissement de Louvain,3120,3128,,,,,,,,,,,,,,
24130,Léau,N,RÉGION FLAMANDE,Province du Brabant Flamand,Arrondissement de Louvain,3440,,,,,,,,,,,,,,,
24133,Linter,N,RÉGION FLAMANDE,Province du Brabant Flamand,Arrondissement de Louvain,3350,,,,,,,,,,,,,,,
24134,Montaigu-Zichem,N,RÉGION FLAMANDE,Province du Brabant Flamand,Arrondissement de Louvain,3270,3271,3272,,,,,,,,,,,,,
24135,Tielt-Winge,N,RÉGION FLAMANDE,Province du Brabant Flamand,Arrondissement de Louvain,3390,3391,,,,,,,,,,,,,,
24137,Glabbeek,N,RÉGION FLAMANDE,Province du Brabant Flamand,Arrondissement de Louvain,3380,3381,3384,,,,,,,,,,,,,
25005,Beauvechain,F,RÉGION WALLONNE,Province du Brabant Wallon,Arrondissement de Nivelles,1320,,,,,,,,,,,,,,,
25014,Braine-l'Alleud,F,RÉGION WALLONNE,Province du Brabant Wallon,Arrondissement de Nivelles,1420,1421,1428,,,,,,,,,,,,,
25015,Braine-le-Château,F,RÉGION WALLONNE,Province du Brabant Wallon,Arrondissement de Nivelles,1440,,,,,,,,,,,,,,,
25018,Chaumont-Gistoux,F,RÉGION WALLONNE,Province du Brabant Wallon,Arrondissement de Nivelles,1325,,,,,,,,,,,,,,,
25023,Court-Saint-Etienne,F,RÉGION WALLONNE,Province du Brabant Wallon,Arrondissement de Nivelles,1490,,,,,,,,,,,,,,,
25031,Genappe,F,RÉGION WALLONNE,Province du Brabant Wallon,Arrondissement de Nivelles,1470,1471,1472,1473,,,,,,,,,,,,
25037,Grez-Doiceau,F,RÉGION WALLONNE,Province du Brabant Wallon,Arrondissement de Nivelles,1390,,,,,,,,,,,,,,,
25043,Incourt,F,RÉGION WALLONNE,Province du Brabant Wallon,Arrondissement de Nivelles,1315,,,,,,,,,,,,,,,
25044,Ittre,F,RÉGION WALLONNE,Province du Brabant Wallon,Arrondissement de Nivelles,1460,1461,,,,,,,,,,,,,,
25048,Jodoigne,F,RÉGION WALLONNE,Province du Brabant Wallon,Arrondissement de Nivelles,1370,,,,,,,,,,,,,,,
25050,La Hulpe,F,RÉGION WALLONNE,Province du Brabant Wallon,Arrondissement de Nivelles,1310,,,,,,,,,,,,,,,
25068,Mont-Saint-Guibert,F,RÉGION WALLONNE,Province du Brabant Wallon,Arrondissement de Nivelles,1435,,,,,,,,,,,,,,,
25072,Nivelles,F,RÉGION WALLONNE,Province du Brabant Wallon,Arrondissement de Nivelles,1400,1401,1402,1404,,,,,,,,,,,,
25084,Perwez,F,RÉGION WALLONNE,Province du Brabant Wallon,Arrondissement de Nivelles,1360,,,,,,,,,,,,,,,
25091,Rixensart,F,RÉGION WALLONNE,Province du Brabant Wallon,Arrondissement de Nivelles,1330,,,,,,,,,,,,,,,
25105,Tubize,F,RÉGION WALLONNE,Province du Brabant Wallon,Arrondissement de Nivelles,1480,,,,,,,,,,,,,,,
25107,Villers-la-Ville,F,RÉGION WALLONNE,Province du Brabant Wallon,Arrondissement de Nivelles,1495,,,,,,,,,,,,,,,
25110,Waterloo,F,RÉGION WALLONNE,Province du Brabant Wallon,Arrondissement de Nivelles,1410,,,,,,,,,,,,,,,
25112,Wavre,F,RÉGION WALLONNE,Province du Brabant Wallon,Arrondissement de Nivelles,1300,1301,,,,,,,,,,,,,,
25117,Chastre,F,RÉGION WALLONNE,Province du Brabant Wallon,Arrondissement de Nivelles,1450,,,,,,,,,,,,,,,
25118,Hélécine,F,RÉGION WALLONNE,Province du Brabant Wallon,Arrondissement de Nivelles,1357,,,,,,,,,,,,,,,
25119,Lasne,F,RÉGION WALLONNE,Province du Brabant Wallon,Arrondissement de Nivelles,1380,,,,,,,,,,,,,,,
25120,Orp-Jauche,F,RÉGION WALLONNE,Province du Brabant Wallon,Arrondissement de Nivelles,1350,,,,,,,,,,,,,,,
25121,Ottignies-Louvain-la-Neuve,F,RÉGION WALLONNE,Province du Brabant Wallon,Arrondissement de Nivelles,1340,1341,1342,1348,,,,,,,,,,,,
25122,Ramillies,F,RÉGION WALLONNE,Province du Brabant Wallon,Arrondissement de Nivelles,1367,,,,,,,,,,,,,,,
25123,Rebecq,F,RÉGION WALLONNE,Province du Brabant Wallon,Arrondissement de Nivelles,1430,,,,,,,,,,,,,,,
25124,Walhain,F,RÉGION WALLONNE,Province du Brabant Wallon,Arrondissement de Nivelles,1457,,,,,,,,,,,,,,,
31003,Beernem,N,RÉGION FLAMANDE,Province de Flandre Occidentale,Arrondissement de Bruges,8730,,,,,,,,,,,,,,,
31004,Blankenberge,N,RÉGION FLAMANDE,Province de Flandre Occidentale,Arrondissement de Bruges,8370,,,,,,,,,,,,,,,
31005,Bruges,N,RÉGION FLAMANDE,Province de Flandre Occidentale,Arrondissement de Bruges,8000,8200,8310,8380,,,,,,,,,,,,
31006,Damme,N,RÉGION FLAMANDE,Province de Flandre Occidentale,Arrondissement de Bruges,8340,,,,,,,,,,,,,,,
31012,Jabbeke,N,RÉGION FLAMANDE,Province de Flandre Occidentale,Arrondissement de Bruges,8490,,,,,,,,,,,,,,,
31022,Oostkamp,N,RÉGION FLAMANDE,Province de Flandre Occidentale,Arrondissement de Bruges,8020,,,,,,,,,,,,,,,
31033,Torhout,N,RÉGION FLAMANDE,Province de Flandre Occidentale,Arrondissement de Bruges,8820,,,,,,,,,,,,,,,
31040,Zedelgem,N,RÉGION FLAMANDE,Province de Flandre Occidentale,Arrondissement de Bruges,8210,8211,,,,,,,,,,,,,,
31042,Zuienkerke,N,RÉGION FLAMANDE,Province de Flandre Occidentale,Arrondissement de Bruges,8377,,,,,,,,,,,,,,,
31043,Knokke-Heist,N,RÉGION FLAMANDE,Province de Flandre Occidentale,Arrondissement de Bruges,8300,8301,,,,,,,,,,,,,,
32003,Dixmude,N,RÉGION FLAMANDE,Province de Flandre Occidentale,Arrondissement de Dixmude,8600,,,,,,,,,,,,,,,
32006,Houthulst,N,RÉGION FLAMANDE,Province de Flandre Occidentale,Arrondissement de Dixmude,8650,,,,,,,,,,,,,,,
32010,Koekelare,N,RÉGION FLAMANDE,Province de Flandre Occidentale,Arrondissement de Dixmude,8680,,,,,,,,,,,,,,,
32011,Kortemark,N,RÉGION FLAMANDE,Province de Flandre Occidentale,Arrondissement de Dixmude,8610,,,,,,,,,,,,,,,
32030,Lo-Reninge,N,RÉGION FLAMANDE,Province de Flandre Occidentale,Arrondissement de Dixmude,8647,,,,,,,,,,,,,,,
33011,Ypres,N,RÉGION FLAMANDE,Province de Flandre Occidentale,Arrondissement d'Ypres,8900,8902,8904,8906,,,,,,,,,,,,
33016,Messines,N,RÉGION FLAMANDE,Province de Flandre Occidentale,Arrondissement d'Ypres,8957,,,,,,,,,,,,,,,
33021,Poperinge,N,RÉGION FLAMANDE,Province de Flandre Occidentale,Arrondissement d'Ypres,8970,8972,8978,,,,,,,,,,,,,
33029,Wervik,N,RÉGION FLAMANDE,Province de Flandre Occidentale,Arrondissement d'Ypres,8940,,,,,,,,,,,,,,,
33037,Zonnebeke,N,RÉGION FLAMANDE,Province de Flandre Occidentale,Arrondissement d'Ypres,8980,,,,,,,,,,,,,,,
33039,Heuvelland,N,RÉGION FLAMANDE,Province de Flandre Occidentale,Arrondissement d'Ypres,8950,8951,8952,8953,8954,8956,8958,,,,,,,,,
33040,Langemark-Poelkapelle,N,RÉGION FLAMANDE,Province de Flandre Occidentale,Arrondissement d'Ypres,8920,,,,,,,,,,,,,,,
33041,Vleteren,N,RÉGION FLAMANDE,Province de Flandre Occidentale,Arrondissement d'Ypres,8640,,,,,,,,,,,,,,,
34002,Anzegem,N,RÉGION FLAMANDE,Province de Flandre Occidentale,Arrondissement de Courtrai,8570,8572,8573,,,,,,,,,,,,,
34003,Avelgem,N,RÉGION FLAMANDE,Province de Flandre Occidentale,Arrondissement de Courtrai,8580,8581,8582,8583,,,,,,,,,,,,
34009,Deerlijk,N,RÉGION FLAMANDE,Province de Flandre Occidentale,Arrondissement de Courtrai,8540,,,,,,,,,,,,,,,
34013,Harelbeke,N,RÉGION FLAMANDE,Province de Flandre Occidentale,Arrondissement de Courtrai,8530,8531,,,,,,,,,,,,,,
34022,Courtrai,N,RÉGION FLAMANDE,Province de Flandre Occidentale,Arrondissement de Courtrai,8500,8501,8510,8511,,,,,,,,,,,,
34023,Kuurne,N,RÉGION FLAMANDE,Province de Flandre Occidentale,Arrondissement de Courtrai,8520,,,,,,,,,,,,,,,
34025,Lendelede,N,RÉGION FLAMANDE,Province de Flandre Occidentale,Arrondissement de Courtrai,8860,,,,,,,,,,,,,,,
34027,Menin,N,RÉGION FLAMANDE,Province de Flandre Occidentale,Arrondissement de Courtrai,8930,,,,,,,,,,,,,,,
34040,Waregem,N,RÉGION FLAMANDE,Province de Flandre Occidentale,Arrondissement de Courtrai,8790,8791,8792,8793,,,,,,,,,,,,
34041,Wevelgem,N,RÉGION FLAMANDE,Province de Flandre Occidentale,Arrondissement de Courtrai,8560,,,,,,,,,,,,,,,
34042,Zwevegem,N,RÉGION FLAMANDE,Province de Flandre Occidentale,Arrondissement de Courtrai,8550,8551,8552,8553,,,,,,,,,,,,
34043,Espierres-Helchin,N,RÉGION FLAMANDE,Province de Flandre Occidentale,Arrondissement de Courtrai,8587,,,,,,,,,,,,,,,
35002,Bredene,N,RÉGION FLAMANDE,Province de Flandre Occidentale,Arrondissement d'Ostende,8450,,,,,,,,,,,,,,,
35005,Gistel,N,RÉGION FLAMANDE,Province de Flandre Occidentale,Arrondissement d'Ostende,8470,,,,,,,,,,,,,,,
35006,Ichtegem,N,RÉGION FLAMANDE,Province de Flandre Occidentale,Arrondissement d'Ostende,8480,,,,,,,,,,,,,,,
35011,Middelkerke,N,RÉGION FLAMANDE,Province de Flandre Occidentale,Arrondissement d'Ostende,8430,8431,8432,8433,,,,,,,,,,,,
35013,Ostende,N,RÉGION FLAMANDE,Province de Flandre Occidentale,Arrondissement d'Ostende,8400,,,,,,,,,,,,,,,
35014,Oudenburg,N,RÉGION FLAMANDE,Province de Flandre Occidentale,Arrondissement d'Ostende,8460,,,,,,,,,,,,,,,
35029,De Haan,N,RÉGION FLAMANDE,Province de Flandre Occidentale,Arrondissement d'Ostende,8420,8421,,,,,,,,,,,,,,
36006,Hooglede,N,RÉGION FLAMANDE,Province de Flandre Occidentale,Arrondissement de Roulers,8830,,,,,,,,,,,,,,,
36007,Ingelmunster,N,RÉGION FLAMANDE,Province de Flandre Occidentale,Arrondissement de Roulers,8770,,,,,,,,,,,,,,,
36008,Izegem,N,RÉGION FLAMANDE,Province de Flandre Occidentale,Arrondissement de Roulers,8870,,,,,,,,,,,,,,,
36010,Ledegem,N,RÉGION FLAMANDE,Province de Flandre Occidentale,Arrondissement de Roulers,8880,,,,,,,,,,,,,,,
36011,Lichtervelde,N,RÉGION FLAMANDE,Province de Flandre Occidentale,Arrondissement de Roulers,8810,,,,,,,,,,,,,,,
36012,Moorslede,N,RÉGION FLAMANDE,Province de Flandre Occidentale,Arrondissement de Roulers,8890,,,,,,,,,,,,,,,
36015,Roulers,N,RÉGION FLAMANDE,Province de Flandre Occidentale,Arrondissement de Roulers,8800,,,,,,,,,,,,,,,
36019,Staden,N,RÉGION FLAMANDE,Province de Flandre Occidentale,Arrondissement de Roulers,8840,,,,,,,,,,,,,,,
37002,Dentergem,N,RÉGION FLAMANDE,Province de Flandre Occidentale,Arrondissement de Tielt,8720,,,,,,,,,,,,,,,
37007,Meulebeke,N,RÉGION FLAMANDE,Province de Flandre Occidentale,Arrondissement de Tielt,8760,,,,,,,,,,,,,,,
37010,Oostrozebeke,N,RÉGION FLAMANDE,Province de Flandre Occidentale,Arrondissement de Tielt,8780,,,,,,,,,,,,,,,
37011,Pittem,N,RÉGION FLAMANDE,Province de Flandre Occidentale,Arrondissement de Tielt,8740,,,,,,,,,,,,,,,
37012,Ruiselede,N,RÉGION FLAMANDE,Province de Flandre Occidentale,Arrondissement de Tielt,8755,,,,,,,,,,,,,,,
37015,Tielt,N,RÉGION FLAMANDE,Province de Flandre Occidentale,Arrondissement de Tielt,8700,,,,,,,,,,,,,,,
37017,Wielsbeke,N,RÉGION FLAMANDE,Province de Flandre Occidentale,Arrondissement de Tielt,8710,,,,,,,,,,,,,,,
37018,Wingene,N,RÉGION FLAMANDE,Province de Flandre Occidentale,Arrondissement de Tielt,8750,,,,,,,,,,,,,,,
37020,Ardooie,N,RÉGION FLAMANDE,Province de Flandre Occidentale,Arrondissement de Tielt,8850,8851,,,,,,,,,,,,,,
38002,Alveringem,N,RÉGION FLAMANDE,Province de Flandre Occidentale,Arrondissement de Furnes,8690,8691,,,,,,,,,,,,,,
38008,La Panne,N,RÉGION FLAMANDE,Province de Flandre Occidentale,Arrondissement de Furnes,8660,,,,,,,,,,,,,,,
38014,Koksijde,N,RÉGION FLAMANDE,Province de Flandre Occidentale,Arrondissement de Furnes,8670,,,,,,,,,,,,,,,
38016,Nieuport,N,RÉGION FLAMANDE,Province de Flandre Occidentale,Arrondissement de Furnes,8620,,,,,,,,,,,,,,,
38025,Furnes,N,RÉGION FLAMANDE,Province de Flandre Occidentale,Arrondissement de Furnes,8630,,,,,,,,,,,,,,,
41002,Alost,N,RÉGION FLAMANDE,Province de Flandre Orientale,Arrondissement d'Alost,9300,9308,9310,9320,,,,,,,,,,,,
41011,Denderleeuw,N,RÉGION FLAMANDE,Province de Flandre Orientale,Arrondissement d'Alost,9470,9472,9473,,,,,,,,,,,,,
41018,Grammont,N,RÉGION FLAMANDE,Province de Flandre Orientale,Arrondissement d'Alost,9500,9506,,,,,,,,,,,,,,
41024,Haaltert,N,RÉGION FLAMANDE,Province de Flandre Orientale,Arrondissement d'Alost,9450,9451,,,,,,,,,,,,,,
41027,Herzele,N,RÉGION FLAMANDE,Province de Flandre Orientale,Arrondissement d'Alost,9550,9551,9552,,,,,,,,,,,,,
41034,Lede,N,RÉGION FLAMANDE,Province de Flandre Orientale,Arrondissement d'Alost,9340,,,,,,,,,,,,,,,
41048,Ninove,N,RÉGION FLAMANDE,Province de Flandre Orientale,Arrondissement d'Alost,9400,9401,9402,9403,,,,,,,,,,,,
41063,Sint-Lievens-Houtem,N,RÉGION FLAMANDE,Province de Flandre Orientale,Arrondissement d'Alost,9520,,,,,,,,,,,,,,,
41081,Zottegem,N,RÉGION FLAMANDE,Province de Flandre Orientale,Arrondissement d'Alost,9620,,,,,,,,,,,,,,,
41082,Erpe-Mere,N,RÉGION FLAMANDE,Province de Flandre Orientale,Arrondissement d'Alost,9420,,,,,,,,,,,,,,,
42003,Berlare,N,RÉGION FLAMANDE,Province de Flandre Orientale,Arrondissement de Termonde,9290,,,,,,,,,,,,,,,
42004,Buggenhout,N,RÉGION FLAMANDE,Province de Flandre Orientale,Arrondissement de Termonde,9255,,,,,,,,,,,,,,,
42006,Termonde,N,RÉGION FLAMANDE,Province de Flandre Orientale,Arrondissement de Termonde,9200,,,,,,,,,,,,,,,
42008,Hamme,N,RÉGION FLAMANDE,Province de Flandre Orientale,Arrondissement de Termonde,9220,,,,,,,,,,,,,,,
42010,Laarne,N,RÉGION FLAMANDE,Province de Flandre Orientale,Arrondissement de Termonde,9270,,,,,,,,,,,,,,,
42011,Lebbeke,N,RÉGION FLAMANDE,Province de Flandre Orientale,Arrondissement de Termonde,9280,,,,,,,,,,,,,,,
42023,Waasmunster,N,RÉGION FLAMANDE,Province de Flandre Orientale,Arrondissement de Termonde,9250,,,,,,,,,,,,,,,
42025,Wetteren,N,RÉGION FLAMANDE,Province de Flandre Orientale,Arrondissement de Termonde,9230,,,,,,,,,,,,,,,
42026,Wichelen,N,RÉGION FLAMANDE,Province de Flandre Orientale,Arrondissement de Termonde,9260,,,,,,,,,,,,,,,
42028,Zele,N,RÉGION FLAMANDE,Province de Flandre Orientale,Arrondissement de Termonde,9240,,,,,,,,,,,,,,,
43002,Assenede,N,RÉGION FLAMANDE,Province de Flandre Orientale,Arrondissement d'Eeklo,9960,9961,9968,,,,,,,,,,,,,
43005,Eeklo,N,RÉGION FLAMANDE,Province de Flandre Orientale,Arrondissement d'Eeklo,9900,,,,,,,,,,,,,,,
43007,Kaprijke,N,RÉGION FLAMANDE,Province de Flandre Orientale,Arrondissement d'Eeklo,9970,9971,,,,,,,,,,,,,,
43010,Maldegem,N,RÉGION FLAMANDE,Province de Flandre Orientale,Arrondissement d'Eeklo,9990,9991,9992,,,,,,,,,,,,,
43014,Sint-Laureins,N,RÉGION FLAMANDE,Province de Flandre Orientale,Arrondissement d'Eeklo,9980,9981,9982,9988,,,,,,,,,,,,
43018,Zelzate,N,RÉGION FLAMANDE,Province de Flandre Orientale,Arrondissement d'Eeklo,9060,,,,,,,,,,,,,,,
44001,Aalter,N,RÉGION FLAMANDE,Province de Flandre Orientale,Arrondissement de Gand,9880,9881,,,,,,,,,,,,,,
44011,Deinze,N,RÉGION FLAMANDE,Province de Flandre Orientale,Arrondissement de Gand,9800,,,,,,,,,,,,,,,
44012,De Pinte,N,RÉGION FLAMANDE,Province de Flandre Orientale,Arrondissement de Gand,9840,,,,,,,,,,,,,,,
44013,Destelbergen,N,RÉGION FLAMANDE,Province de Flandre Orientale,Arrondissement de Gand,9070,,,,,,,,,,,,,,,
44019,Evergem,N,RÉGION FLAMANDE,Province de Flandre Orientale,Arrondissement de Gand,9940,,,,,,,,,,,,,,,
44020,Gavere,N,RÉGION FLAMANDE,Province de Flandre Orientale,Arrondissement de Gand,9890,,,,,,,,,,,,,,,
44021,Gand,N,RÉGION FLAMANDE,Province de Flandre Orientale,Arrondissement de Gand,9000,9030,9031,9032,9040,9041,9042,9050,,,,,,,,
44029,Knesselare,N,RÉGION FLAMANDE,Province de Flandre Orientale,Arrondissement de Gand,9910,,,,,,,,,,,,,,,
44034,Lochristi,N,RÉGION FLAMANDE,Province de Flandre Orientale,Arrondissement de Gand,9080,,,,,,,,,,,,,,,
44036,Lovendegem,N,RÉGION FLAMANDE,Province de Flandre Orientale,Arrondissement de Gand,9920,9921,,,,,,,,,,,,,,
44040,Melle,N,RÉGION FLAMANDE,Province de Flandre Orientale,Arrondissement de Gand,9090,,,,,,,,,,,,,,,
44043,Merelbeke,N,RÉGION FLAMANDE,Province de Flandre Orientale,Arrondissement de Gand,9820,,,,,,,,,,,,,,,
44045,Moerbeke,N,RÉGION FLAMANDE,Province de Flandre Orientale,Arrondissement de Gand,9180,,,,,,,,,,,,,,,
44048,Nazareth,N,RÉGION FLAMANDE,Province de Flandre Orientale,Arrondissement de Gand,9810,,,,,,,,,,,,,,,
44049,Nevele,N,RÉGION FLAMANDE,Province de Flandre Orientale,Arrondissement de Gand,9850,,,,,,,,,,,,,,,
44052,Oosterzele,N,RÉGION FLAMANDE,Province de Flandre Orientale,Arrondissement de Gand,9860,,,,,,,,,,,,,,,
44064,Sint-Martens-Latem,N,RÉGION FLAMANDE,Province de Flandre Orientale,Arrondissement de Gand,9830,9831,,,,,,,,,,,,,,
44072,Waarschoot,N,RÉGION FLAMANDE,Province de Flandre Orientale,Arrondissement de Gand,9950,,,,,,,,,,,,,,,
44073,Wachtebeke,N,RÉGION FLAMANDE,Province de Flandre Orientale,Arrondissement de Gand,9185,,,,,,,,,,,,,,,
44080,Zomergem,N,RÉGION FLAMANDE,Province de Flandre Orientale,Arrondissement de Gand,9930,9931,9932,,,,,,,,,,,,,
44081,Zulte,N,RÉGION FLAMANDE,Province de Flandre Orientale,Arrondissement de Gand,9870,,,,,,,,,,,,,,,
45017,Kruishoutem,N,RÉGION FLAMANDE,Province de Flandre Orientale,Arrondissement d'Audenarde,9770,9771,9772,,,,,,,,,,,,,
45035,Audenarde,N,RÉGION FLAMANDE,Province de Flandre Orientale,Arrondissement d'Audenarde,9700,,,,,,,,,,,,,,,
45041,Renaix,N,RÉGION FLAMANDE,Province de Flandre Orientale,Arrondissement d'Audenarde,9600,,,,,,,,,,,,,,,
45057,Zingem,N,RÉGION FLAMANDE,Province de Flandre Orientale,Arrondissement d'Audenarde,9750,,,,,,,,,,,,,,,
45059,Brakel,N,RÉGION FLAMANDE,Province de Flandre Orientale,Arrondissement d'Audenarde,9660,9661,,,,,,,,,,,,,,
45060,Kluisbergen,N,RÉGION FLAMANDE,Province de Flandre Orientale,Arrondissement d'Audenarde,9690,,,,,,,,,,,,,,,
45061,Wortegem-Petegem,N,RÉGION FLAMANDE,Province de Flandre Orientale,Arrondissement d'Audenarde,9790,,,,,,,,,,,,,,,
45062,Horebeke,N,RÉGION FLAMANDE,Province de Flandre Orientale,Arrondissement d'Audenarde,9667,,,,,,,,,,,,,,,
45063,Lierde,N,RÉGION FLAMANDE,Province de Flandre Orientale,Arrondissement d'Audenarde,9570,9571,9572,,,,,,,,,,,,,
45064,Maarkedal,N,RÉGION FLAMANDE,Province de Flandre Orientale,Arrondissement d'Audenarde,9680,9681,9688,,,,,,,,,,,,,
45065,Zwalm,N,RÉGION FLAMANDE,Province de Flandre Orientale,Arrondissement d'Audenarde,9630,9636,,,,,,,,,,,,,,
46003,Beveren,N,RÉGION FLAMANDE,Province de Flandre Orientale,Arrondissement de Saint-Nicolas,9120,9130,,,,,,,,,,,,,,
46013,Kruibeke,N,RÉGION FLAMANDE,Province de Flandre Orientale,Arrondissement de Saint-Nicolas,9150,,,,,,,,,,,,,,,
46014,Lokeren,N,RÉGION FLAMANDE,Province de Flandre Orientale,Arrondissement de Saint-Nicolas,9160,,,,,,,,,,,,,,,
46020,Sint-Gillis-Waas,N,RÉGION FLAMANDE,Province de Flandre Orientale,Arrondissement de Saint-Nicolas,9170,,,,,,,,,,,,,,,
46021,Saint-Nicolas,N,RÉGION FLAMANDE,Province de Flandre Orientale,Arrondissement de Saint-Nicolas,9100,9111,9112,,,,,,,,,,,,,
46024,Stekene,N,RÉGION FLAMANDE,Province de Flandre Orientale,Arrondissement de Saint-Nicolas,9190,,,,,,,,,,,,,,,
46025,Tamise,N,RÉGION FLAMANDE,Province de Flandre Orientale,Arrondissement de Saint-Nicolas,9140,,,,,,,,,,,,,,,
51004,Ath,F,RÉGION WALLONNE,Province du Hainaut,Arrondissement d'Ath,7800,7801,7802,7803,7804,7810,7811,7812,,,,,,,,
51008,Beloeil,F,RÉGION WALLONNE,Province du Hainaut,Arrondissement d'Ath,7970,7971,7972,7973,,,,,,,,,,,,
51009,Bernissart,F,RÉGION WALLONNE,Province du Hainaut,Arrondissement d'Ath,7320,7321,7322,,,,,,,,,,,,,
51012,Brugelette,F,RÉGION WALLONNE,Province du Hainaut,Arrondissement d'Ath,7940,7941,7942,7943,,,,,,,,,,,,
51014,Chièvres,F,RÉGION WALLONNE,Province du Hainaut,Arrondissement d'Ath,7950,7951,,,,,,,,,,,,,,
51017,Ellezelles,F,RÉGION WALLONNE,Province du Hainaut,Arrondissement d'Ath,7890,,,,,,,,,,,,,,,
51019,Flobecq,F,RÉGION WALLONNE,Province du Hainaut,Arrondissement d'Ath,7880,,,,,,,,,,,,,,,
51065,Frasnes-lez-Anvaing,F,RÉGION WALLONNE,Province du Hainaut,Arrondissement d'Ath,7910,7911,7912,,,,,,,,,,,,,
52010,Chapelle-lez-Herlaimont,F,RÉGION WALLONNE,Province du Hainaut,Arrondissement de Charleroi,7160,,,,,,,,,,,,,,,
52011,Charleroi,F,RÉGION WALLONNE,Province du Hainaut,Arrondissement de Charleroi,6000,6001,6010,6020,6030,6031,6032,6040,6043,6044,6060,6061,,,,
52012,Châtelet,F,RÉGION WALLONNE,Province du Hainaut,Arrondissement de Charleroi,6200,,,,,,,,,,,,,,,
52015,Courcelles,F,RÉGION WALLONNE,Province du Hainaut,Arrondissement de Charleroi,6180,6181,6182,6183,,,,,,,,,,,,
52018,Farciennes,F,RÉGION WALLONNE,Province du Hainaut,Arrondissement de Charleroi,6240,,,,,,,,,,,,,,,
52021,Fleurus,F,RÉGION WALLONNE,Province du Hainaut,Arrondissement de Charleroi,6220,6221,6222,6223,,,,,,,,,,,,
52022,Fontaine-l'Evêque,F,RÉGION WALLONNE,Province du Hainaut,Arrondissement de Charleroi,6140,6141,6142,,,,,,,,,,,,,
52025,Gerpinnes,F,RÉGION WALLONNE,Province du Hainaut,Arrondissement de Charleroi,6280,,,,,,,,,,,,,,,
52043,Manage,F,RÉGION WALLONNE,Province du Hainaut,Arrondissement de Charleroi,7170,,,,,,,,,,,,,,,
52048,Montigny-le-Tilleul,F,RÉGION WALLONNE,Province du Hainaut,Arrondissement de Charleroi,6110,6111,,,,,,,,,,,,,,
52055,Pont-à-celles,F,RÉGION WALLONNE,Province du Hainaut,Arrondissement de Charleroi,6230,6238,,,,,,,,,,,,,,
52063,Seneffe,F,RÉGION WALLONNE,Province du Hainaut,Arrondissement de Charleroi,7180,7181,,,,,,,,,,,,,,
52074,Aiseau-Presles,F,RÉGION WALLONNE,Province du Hainaut,Arrondissement de Charleroi,6250,,,,,,,,,,,,,,,
52075,Les Bons Villers,F,RÉGION WALLONNE,Province du Hainaut,Arrondissement de Charleroi,6210,6211,,,,,,,,,,,,,,
53014,Boussu,F,RÉGION WALLONNE,Province du Hainaut,Arrondissement de Mons,7300,7301,,,,,,,,,,,,,,
53020,Dour,F,RÉGION WALLONNE,Province du Hainaut,Arrondissement de Mons,7370,,,,,,,,,,,,,,,
53028,Frameries,F,RÉGION WALLONNE,Province du Hainaut,Arrondissement de Mons,7080,,,,,,,,,,,,,,,
53039,Hensies,F,RÉGION WALLONNE,Province du Hainaut,Arrondissement de Mons,7350,,,,,,,,,,,,,,,
53044,Jurbise,F,RÉGION WALLONNE,Province du Hainaut,Arrondissement de Mons,7050,,,,,,,,,,,,,,,
53046,Lens,F,RÉGION WALLONNE,Province du Hainaut,Arrondissement de Mons,7870,,,,,,,,,,,,,,,
53053,Mons,F,RÉGION WALLONNE,Province du Hainaut,Arrondissement de Mons,7000,7011,7012,7020,7021,7022,7024,7030,7033,7034,,,,,,
53065,Quaregnon,F,RÉGION WALLONNE,Province du Hainaut,Arrondissement de Mons,7390,,,,,,,,,,,,,,,
53068,Quiévrain,F,RÉGION WALLONNE,Province du Hainaut,Arrondissement de Mons,7380,7382,,,,,,,,,,,,,,
53070,Saint-Ghislain,F,RÉGION WALLONNE,Province du Hainaut,Arrondissement de Mons,7330,7331,7332,7333,,,,,,,,,,,,
53082,Colfontaine,F,RÉGION WALLONNE,Province du Hainaut,Arrondissement de Mons,7340,,,,,,,,,,,,,,,
53083,Honnelles,F,RÉGION WALLONNE,Province du Hainaut,Arrondissement de Mons,7387,,,,,,,,,,,,,,,
53084,Quévy,F,RÉGION WALLONNE,Province du Hainaut,Arrondissement de Mons,7040,7041,,,,,,,,,,,,,,
54007,Mouscron,F,RÉGION WALLONNE,Province du Hainaut,Arrondissement de Mouscron,7700,7711,7712,,,,,,,,,,,,,
54010,Comines-Warneton,F,RÉGION WALLONNE,Province du Hainaut,Arrondissement de Mouscron,7780,7781,7782,7783,,,,,,,,,,,,
55004,Braine-le-Comte,F,RÉGION WALLONNE,Province du Hainaut,Arrondissement de Soignies,7090,,,,,,,,,,,,,,,
55010,Enghien,F,RÉGION WALLONNE,Province du Hainaut,Arrondissement de Soignies,7850,,,,,,,,,,,,,,,
55022,La Louvière,F,RÉGION WALLONNE,Province du Hainaut,Arrondissement de Soignies,7100,7110,,,,,,,,,,,,,,
55023,Lessines,F,RÉGION WALLONNE,Province du Hainaut,Arrondissement de Soignies,7860,7861,7862,7863,,,,,,,,,,,,
55035,Le Roeulx,F,RÉGION WALLONNE,Province du Hainaut,Arrondissement de Soignies,7070,,,,,,,,,,,,,,,
55039,Silly,F,RÉGION WALLONNE,Province du Hainaut,Arrondissement de Soignies,7830,,,,,,,,,,,,,,,
55040,Soignies,F,RÉGION WALLONNE,Province du Hainaut,Arrondissement de Soignies,7060,7061,7062,7063,,,,,,,,,,,,
55050,Ecaussinnes,F,RÉGION WALLONNE,Province du Hainaut,Arrondissement de Soignies,7190,7191,,,,,,,,,,,,,,
56001,Anderlues,F,RÉGION WALLONNE,Province du Hainaut,Arrondissement de Thuin,6150,,,,,,,,,,,,,,,
56005,Beaumont,F,RÉGION WALLONNE,Province du Hainaut,Arrondissement de Thuin,6500,6511,,,,,,,,,,,,,,
56011,Binche,F,RÉGION WALLONNE,Province du Hainaut,Arrondissement de Thuin,7130,7131,7133,7134,,,,,,,,,,,,
56016,Chimay,F,RÉGION WALLONNE,Province du Hainaut,Arrondissement de Thuin,6460,6461,6462,6463,,,,,,,,,,,,
56022,Erquelinnes,F,RÉGION WALLONNE,Province du Hainaut,Arrondissement de Thuin,6560,,,,,,,,,,,,,,,
56029,Froidchapelle,F,RÉGION WALLONNE,Province du Hainaut,Arrondissement de Thuin,6440,6441,,,,,,,,,,,,,,
56044,Lobbes,F,RÉGION WALLONNE,Province du Hainaut,Arrondissement de Thuin,6540,6542,6543,,,,,,,,,,,,,
56049,Merbes-le-Château,F,RÉGION WALLONNE,Province du Hainaut,Arrondissement de Thuin,6567,,,,,,,,,,,,,,,
56051,Momignies,F,RÉGION WALLONNE,Province du Hainaut,Arrondissement de Thuin,6590,6591,6592,6593,,,,,,,,,,,,
56078,Thuin,F,RÉGION WALLONNE,Province du Hainaut,Arrondissement de Thuin,6530,6531,6532,6533,,,,,,,,,,,,
56085,Estinnes,F,RÉGION WALLONNE,Province du Hainaut,Arrondissement de Thuin,7120,,,,,,,,,,,,,,,
56086,Ham-sur-Heure-Nalinnes,F,RÉGION WALLONNE,Province du Hainaut,Arrondissement de Thuin,6120,,,,,,,,,,,,,,,
56087,Morlanwelz,F,RÉGION WALLONNE,Province du Hainaut,Arrondissement de Thuin,7140,7141,,,,,,,,,,,,,,
56088,Sivry-Rance,F,RÉGION WALLONNE,Province du Hainaut,Arrondissement de Thuin,6470,,,,,,,,,,,,,,,
57003,Antoing,F,RÉGION WALLONNE,Province du Hainaut,Arrondissement de Tournai,7640,7641,7642,7643,,,,,,,,,,,,
57018,Celles,F,RÉGION WALLONNE,Province du Hainaut,Arrondissement de Tournai,7760,,,,,,,,,,,,,,,
57027,Estaimpuis,F,RÉGION WALLONNE,Province du Hainaut,Arrondissement de Tournai,7730,,,,,,,,,,,,,,,
57062,Pecq,F,RÉGION WALLONNE,Province du Hainaut,Arrondissement de Tournai,7740,7742,7743,,,,,,,,,,,,,
57064,Péruwelz,F,RÉGION WALLONNE,Province du Hainaut,Arrondissement de Tournai,7600,7601,7602,7603,,,,,,,,,,,,
57072,Rumes,F,RÉGION WALLONNE,Province du Hainaut,Arrondissement de Tournai,7610,7611,7618,,,,,,,,,,,,,
57081,Tournai,F,RÉGION WALLONNE,Province du Hainaut,Arrondissement de Tournai,7500,7501,7502,7503,7504,7506,7520,7521,7531,7532,7533,7534,7536,7538,7540,7542
57093,Brunehaut,F,RÉGION WALLONNE,Province du Hainaut,Arrondissement de Tournai,7620,7621,7622,7623,,,,,,,,,,,,
57094,Leuze-en-Hainaut,F,RÉGION WALLONNE,Province du Hainaut,Arrondissement de Tournai,7900,7901,7903,7904,,,,,,,,,,,,
57095,Mont-de-l'Enclus,F,RÉGION WALLONNE,Province du Hainaut,Arrondissement de Tournai,7750,,,,,,,,,,,,,,,
61003,Amay,F,RÉGION WALLONNE,Province de Liège,Arrondissement de Huy,4540,,,,,,,,,,,,,,,
61010,Burdinne,F,RÉGION WALLONNE,Province de Liège,Arrondissement de Huy,4210,,,,,,,,,,,,,,,
61012,Clavier,F,RÉGION WALLONNE,Province de Liège,Arrondissement de Huy,4560,,,,,,,,,,,,,,,
61019,Ferrières,F,RÉGION WALLONNE,Province de Liège,Arrondissement de Huy,4190,,,,,,,,,,,,,,,
61024,Hamoir,F,RÉGION WALLONNE,Province de Liège,Arrondissement de Huy,4180,4181,,,,,,,,,,,,,,
61028,Héron,F,RÉGION WALLONNE,Province de Liège,Arrondissement de Huy,4217,4218,,,,,,,,,,,,,,
61031,Huy,F,RÉGION WALLONNE,Province de Liège,Arrondissement de Huy,4500,,,,,,,,,,,,,,,
61039,Marchin,F,RÉGION WALLONNE,Province de Liège,Arrondissement de Huy,4570,,,,,,,,,,,,,,,
61041,Modave,F,RÉGION WALLONNE,Province de Liège,Arrondissement de Huy,4577,,,,,,,,,,,,,,,
61043,Nandrin,F,RÉGION WALLONNE,Province de Liège,Arrondissement de Huy,4550,,,,,,,,,,,,,,,
61048,Ouffet,F,RÉGION WALLONNE,Province de Liège,Arrondissement de Huy,4590,,,,,,,,,,,,,,,
61063,Verlaine,F,RÉGION WALLONNE,Province de Liège,Arrondissement de Huy,4537,,,,,,,,,,,,,,,
61068,Villers-le-Bouillet,F,RÉGION WALLONNE,Province de Liège,Arrondissement de Huy,4530,,,,,,,,,,,,,,,
61072,Wanze,F,RÉGION WALLONNE,Province de Liège,Arrondissement de Huy,4520,,,,,,,,,,,,,,,
61079,Anthisnes,F,RÉGION WALLONNE,Province de Liège,Arrondissement de Huy,4160,4161,4162,4163,,,,,,,,,,,,
61080,Engis,F,RÉGION WALLONNE,Province de Liège,Arrondissement de Huy,4480,,,,,,,,,,,,,,,
61081,Tinlot,F,RÉGION WALLONNE,Province de Liège,Arrondissement de Huy,4557,,,,,,,,,,,,,,,
62003,Ans,F,RÉGION WALLONNE,Province de Liège,Arrondissement de Liège,4430,4431,4432,,,,,,,,,,,,,
62006,Awans,F,RÉGION WALLONNE,Province de Liège,Arrondissement de Liège,4340,4342,,,,,,,,,,,,,,
62009,Aywaille,F,RÉGION WALLONNE,Province de Liège,Arrondissement de Liège,4920,,,,,,,,,,,,,,,
62011,Bassenge,F,RÉGION WALLONNE,Province de Liège,Arrondissement de Liège,4690,,,,,,,,,,,,,,,
62015,Beyne-Heusay,F,RÉGION WALLONNE,Province de Liège,Arrondissement de Liège,4610,,,,,,,,,,,,,,,
62022,Chaudfontaine,F,RÉGION WALLONNE,Province de Liège,Arrondissement de Liège,4050,4051,4052,4053,,,,,,,,,,,,
62026,Comblain-au-Pont,F,RÉGION WALLONNE,Province de Liège,Arrondissement de Liège,4170,4171,,,,,,,,,,,,,,
62027,Dalhem,F,RÉGION WALLONNE,Province de Liège,Arrondissement de Liège,4606,4607,4608,,,,,,,,,,,,,
62032,Esneux,F,RÉGION WALLONNE,Province de Liège,Arrondissement de Liège,4130,,,,,,,,,,,,,,,
62038,Fléron,F,RÉGION WALLONNE,Province de Liège,Arrondissement de Liège,4620,4621,4623,4624,,,,,,,,,,,,
62051,Herstal,F,RÉGION WALLONNE,Province de Liège,Arrondissement de Liège,4040,4041,4042,,,,,,,,,,,,,
62060,Juprelle,F,RÉGION WALLONNE,Province de Liège,Arrondissement de Liège,4450,4451,4452,4453,,,,,,,,,,,,
62063,Liège,F,RÉGION WALLONNE,Province de Liège,Arrondissement de Liège,4000,4020,4030,4031,,,,,,,,,,,,
62079,Oupeye,F,RÉGION WALLONNE,Province de Liège,Arrondissement de Liège,4680,4681,4682,4683,,,,,,,,,,,,
62093,Saint-Nicolas,F,RÉGION WALLONNE,Province de Liège,Arrondissement de Liège,4420,,,,,,,,,,,,,,,
62096,Seraing,F,RÉGION WALLONNE,Province de Liège,Arrondissement de Liège,4100,4101,4102,,,,,,,,,,,,,
62099,Soumagne,F,RÉGION WALLONNE,Province de Liège,Arrondissement de Liège,4630,4631,4632,4633,,,,,,,,,,,,
62100,Sprimont,F,RÉGION WALLONNE,Province de Liège,Arrondissement de Liège,4140,4141,,,,,,,,,,,,,,
62108,Visé,F,RÉGION WALLONNE,Province de Liège,Arrondissement de Liège,4600,4601,4602,,,,,,,,,,,,,
62118,Grâce-Hollogne,F,RÉGION WALLONNE,Province de Liège,Arrondissement de Liège,4460,,,,,,,,,,,,,,,
62119,Blégny,F,RÉGION WALLONNE,Province de Liège,Arrondissement de Liège,4670,4671,4672,,,,,,,,,,,,,
62120,Flémalle,F,RÉGION WALLONNE,Province de Liège,Arrondissement de Liège,4400,,,,,,,,,,,,,,,
62121,Neupré,F,RÉGION WALLONNE,Province de Liège,Arrondissement de Liège,4120,4121,4122,,,,,,,,,,,,,
62122,Trooz,F,RÉGION WALLONNE,Province de Liège,Arrondissement de Liège,4870,,,,,,,,,,,,,,,
63001,Amel,D,RÉGION WALLONNE,Province de Liège,Arrondissement de Verviers,4770,4771,,,,,,,,,,,,,,
63003,Aubel,F,RÉGION WALLONNE,Province de Liège,Arrondissement de Verviers,4880,,,,,,,,,,,,,,,
63004,Baelen,F,RÉGION WALLONNE,Province de Liège,Arrondissement de Verviers,4837,,,,,,,,,,,,,,,
63012,Büllingen,D,RÉGION WALLONNE,Province de Liège,Arrondissement de Verviers,4760,4761,,,,,,,,,,,,,,
63013,Bütgenbach,D,RÉGION WALLONNE,Province de Liège,Arrondissement de Verviers,4750,,,,,,,,,,,,,,,
63020,Dison,F,RÉGION WALLONNE,Province de Liège,Arrondissement de Verviers,4820,4821,,,,,,,,,,,,,,
63023,Eupen,D,RÉGION WALLONNE,Province de Liège,Arrondissement de Verviers,4700,4701,,,,,,,,,,,,,,
63035,Herve,F,RÉGION WALLONNE,Province de Liège,Arrondissement de Verviers,4650,4651,4652,4653,,,,,,,,,,,,
63038,Jalhay,F,RÉGION WALLONNE,Province de Liège,Arrondissement de Verviers,4845,,,,,,,,,,,,,,,
63040,Kelmis,D,RÉGION WALLONNE,Province de Liège,Arrondissement de Verviers,4720,4721,4728,,,,,,,,,,,,,
63045,Lierneux,F,RÉGION WALLONNE,Province de Liège,Arrondissement de Verviers,4990,,,,,,,,,,,,,,,
63046,Limbourg,F,RÉGION WALLONNE,Province de Liège,Arrondissement de Verviers,4830,4831,4834,,,,,,,,,,,,,
63048,Lontzen,D,RÉGION WALLONNE,Province de Liège,Arrondissement de Verviers,4710,4711,,,,,,,,,,,,,,
63049,Malmedy,F,RÉGION WALLONNE,Province de Liège,Arrondissement de Verviers,4960,,,,,,,,,,,,,,,
63057,Olne,F,RÉGION WALLONNE,Province de Liège,Arrondissement de Verviers,4877,,,,,,,,,,,,,,,
63058,Pepinster,F,RÉGION WALLONNE,Province de Liège,Arrondissement de Verviers,4860,4861,,,,,,,,,,,,,,
63061,Raeren,D,RÉGION WALLONNE,Province de Liège,Arrondissement de Verviers,4730,4731,,,,,,,,,,,,,,
63067,Sankt Vith,D,RÉGION WALLONNE,Province de Liège,Arrondissement de Verviers,4780,4782,4783,4784,,,,,,,,,,,,
63072,Spa,F,RÉGION WALLONNE,Province de Liège,Arrondissement de Verviers,4900,,,,,,,,,,,,,,,
63073,Stavelot,F,RÉGION WALLONNE,Province de Liège,Arrondissement de Verviers,4970,,,,,,,,,,,,,,,
63075,Stoumont,F,RÉGION WALLONNE,Province de Liège,Arrondissement de Verviers,4987,,,,,,,,,,,,,,,
63076,Theux,F,RÉGION WALLONNE,Province de Liège,Arrondissement de Verviers,4910,,,,,,,,,,,,,,,
63079,Verviers,F,RÉGION WALLONNE,Province de Liège,Arrondissement de Verviers,4800,4801,4802,,,,,,,,,,,,,
63080,Waimes,F,RÉGION WALLONNE,Province de Liège,Arrondissement de Verviers,4950,,,,,,,,,,,,,,,
63084,Welkenraedt,F,RÉGION WALLONNE,Province de Liège,Arrondissement de Verviers,4840,4841,,,,,,,,,,,,,,
63086,Trois-Ponts,F,RÉGION WALLONNE,Province de Liège,Arrondissement de Verviers,4980,4983,,,,,,,,,,,,,,
63087,Burg-Reuland,D,RÉGION WALLONNE,Province de Liège,Arrondissement de Verviers,4790,4791,,,,,,,,,,,,,,
63088,Plombières,F,RÉGION WALLONNE,Province de Liège,Arrondissement de Verviers,4850,4851,4852,,,,,,,,,,,,,
63089,Thimister-Clermont,F,RÉGION WALLONNE,Province de Liège,Arrondissement de Verviers,4890,,,,,,,,,,,,,,,
64008,Berloz,F,RÉGION WALLONNE,Province de Liège,Arrondissement de Waremme,4257,,,,,,,,,,,,,,,
64015,Braives,F,RÉGION WALLONNE,Province de Liège,Arrondissement de Waremme,4260,4261,4263,,,,,,,,,,,,,
64021,Crisnée,F,RÉGION WALLONNE,Province de Liège,Arrondissement de Waremme,4367,,,,,,,,,,,,,,,
64023,Donceel,F,RÉGION WALLONNE,Province de Liège,Arrondissement de Waremme,4357,,,,,,,,,,,,,,,
64025,Fexhe-le-Haut-Clocher,F,RÉGION WALLONNE,Province de Liège,Arrondissement de Waremme,4347,,,,,,,,,,,,,,,
64029,Geer,F,RÉGION WALLONNE,Province de Liège,Arrondissement de Waremme,4250,4252,4253,4254,,,,,,,,,,,,
64034,Hannut,F,RÉGION WALLONNE,Province de Liège,Arrondissement de Waremme,4280,,,,,,,,,,,,,,,
64047,Lincent,F,RÉGION WALLONNE,Province de Liège,Arrondissement de Waremme,4287,,,,,,,,,,,,,,,
64056,Oreye,F,RÉGION WALLONNE,Province de Liège,Arrondissement de Waremme,4360,,,,,,,,,,,,,,,
64063,Remicourt,F,RÉGION WALLONNE,Province de Liège,Arrondissement de Waremme,4350,4351,,,,,,,,,,,,,,
64065,Saint-Georges-sur-Meuse,F,RÉGION WALLONNE,Province de Liège,Arrondissement de Waremme,4470,,,,,,,,,,,,,,,
64074,Waremme,F,RÉGION WALLONNE,Province de Liège,Arrondissement de Waremme,4300,,,,,,,,,,,,,,,
64075,Wasseiges,F,RÉGION WALLONNE,Province de Liège,Arrondissement de Waremme,4219,,,,,,,,,,,,,,,
64076,Faimes,F,RÉGION WALLONNE,Province de Liège,Arrondissement de Waremme,4317,,,,,,,,,,,,,,,
71002,As,N,RÉGION FLAMANDE,Province du Limbourg,Arrondissement de Hasselt,3665,,,,,,,,,,,,,,,
71004,Beringen,N,RÉGION FLAMANDE,Province du Limbourg,Arrondissement de Hasselt,3580,3581,3582,3583,,,,,,,,,,,,
71011,Diepenbeek,N,RÉGION FLAMANDE,Province du Limbourg,Arrondissement de Hasselt,3590,,,,,,,,,,,,,,,
71016,Genk,N,RÉGION FLAMANDE,Province du Limbourg,Arrondissement de Hasselt,3600,,,,,,,,,,,,,,,
71017,Gingelom,N,RÉGION FLAMANDE,Province du Limbourg,Arrondissement de Hasselt,3890,3891,,,,,,,,,,,,,,
71020,Halen,N,RÉGION FLAMANDE,Province du Limbourg,Arrondissement de Hasselt,3545,,,,,,,,,,,,,,,
71022,Hasselt,N,RÉGION FLAMANDE,Province du Limbourg,Arrondissement de Hasselt,3500,3501,3510,3511,,,,,,,,,,,,
71024,Herck-la-Ville,N,RÉGION FLAMANDE,Province du Limbourg,Arrondissement de Hasselt,3540,,,,,,,,,,,,,,,
71034,Bourg-Léopold,N,RÉGION FLAMANDE,Province du Limbourg,Arrondissement de Hasselt,3970,3971,,,,,,,,,,,,,,
71037,Lummen,N,RÉGION FLAMANDE,Province du Limbourg,Arrondissement de Hasselt,3560,,,,,,,,,,,,,,,
71045,Nieuwerkerken,N,RÉGION FLAMANDE,Province du Limbourg,Arrondissement de Hasselt,3850,,,,,,,,,,,,,,,
71047,Opglabbeek,N,RÉGION FLAMANDE,Province du Limbourg,Arrondissement de Hasselt,3660,,,,,,,,,,,,,,,
71053,Saint-Trond,N,RÉGION FLAMANDE,Province du Limbourg,Arrondissement de Hasselt,3800,3803,3806,,,,,,,,,,,,,
71057,Tessenderlo,N,RÉGION FLAMANDE,Province du Limbourg,Arrondissement de Hasselt,3980,,,,,,,,,,,,,,,
71066,Zonhoven,N,RÉGION FLAMANDE,Province du Limbourg,Arrondissement de Hasselt,3520,,,,,,,,,,,,,,,
71067,Zutendaal,N,RÉGION FLAMANDE,Province du Limbourg,Arrondissement de Hasselt,3690,,,,,,,,,,,,,,,
71069,Ham,N,RÉGION FLAMANDE,Province du Limbourg,Arrondissement de Hasselt,3945,,,,,,,,,,,,,,,
71070,Heusden-Zolder,N,RÉGION FLAMANDE,Province du Limbourg,Arrondissement de Hasselt,3550,,,,,,,,,,,,,,,
72003,Bocholt,N,RÉGION FLAMANDE,Province du Limbourg,Arrondissement de Maaseik,3950,,,,,,,,,,,,,,,
72004,Bree,N,RÉGION FLAMANDE,Province du Limbourg,Arrondissement de Maaseik,3960,,,,,,,,,,,,,,,
72018,Kinrooi,N,RÉGION FLAMANDE,Province du Limbourg,Arrondissement de Maaseik,3640,,,,,,,,,,,,,,,
72020,Lommel,N,RÉGION FLAMANDE,Province du Limbourg,Arrondissement de Maaseik,3920,,,,,,,,,,,,,,,
72021,Maaseik,N,RÉGION FLAMANDE,Province du Limbourg,Arrondissement de Maaseik,3680,,,,,,,,,,,,,,,
72025,Neerpelt,N,RÉGION FLAMANDE,Province du Limbourg,Arrondissement de Maaseik,3910,,,,,,,,,,,,,,,
72029,Overpelt,N,RÉGION FLAMANDE,Province du Limbourg,Arrondissement de Maaseik,3900,,,,,,,,,,,,,,,
72030,Peer,N,RÉGION FLAMANDE,Province du Limbourg,Arrondissement de Maaseik,3990,,,,,,,,,,,,,,,
72037,Hamont-Achel,N,RÉGION FLAMANDE,Province du Limbourg,Arrondissement de Maaseik,3930,,,,,,,,,,,,,,,
72038,Hechtel-Eksel,N,RÉGION FLAMANDE,Province du Limbourg,Arrondissement de Maaseik,3940,,,,,,,,,,,,,,,
72039,Houthalen-Helchteren,N,RÉGION FLAMANDE,Province du Limbourg,Arrondissement de Maaseik,3530,,,,,,,,,,,,,,,
72040,Meeuwen-Gruitrode,N,RÉGION FLAMANDE,Province du Limbourg,Arrondissement de Maaseik,3670,,,,,,,,,,,,,,,
72041,Dilsen-Stokkem,N,RÉGION FLAMANDE,Province du Limbourg,Arrondissement de Maaseik,3650,,,,,,,,,,,,,,,
73001,Alken,N,RÉGION FLAMANDE,Province du Limbourg,Arrondissement de Tongres,3570,,,,,,,,,,,,,,,
73006,Bilzen,N,RÉGION FLAMANDE,Province du Limbourg,Arrondissement de Tongres,3740,3742,3746,,,,,,,,,,,,,
73009,Looz,N,RÉGION FLAMANDE,Province du Limbourg,Arrondissement de Tongres,3840,,,,,,,,,,,,,,,
73022,Heers,N,RÉGION FLAMANDE,Province du Limbourg,Arrondissement de Tongres,3870,,,,,,,,,,,,,,,
73028,Herstappe,N,RÉGION FLAMANDE,Province du Limbourg,Arrondissement de Tongres,3717,,,,,,,,,,,,,,,
73032,Hoeselt,N,RÉGION FLAMANDE,Province du Limbourg,Arrondissement de Tongres,3730,3732,,,,,,,,,,,,,,
73040,Kortessem,N,RÉGION FLAMANDE,Province du Limbourg,Arrondissement de Tongres,3720,3721,3722,3723,,,,,,,,,,,,
73042,Lanaken,N,RÉGION FLAMANDE,Province du Limbourg,Arrondissement de Tongres,3620,3621,,,,,,,,,,,,,,
73066,Riemst,N,RÉGION FLAMANDE,Province du Limbourg,Arrondissement de Tongres,3770,,,,,,,,,,,,,,,
73083,Tongres,N,RÉGION FLAMANDE,Province du Limbourg,Arrondissement de Tongres,3700,,,,,,,,,,,,,,,
73098,Wellen,N,RÉGION FLAMANDE,Province du Limbourg,Arrondissement de Tongres,3830,3832,,,,,,,,,,,,,,
73107,Maasmechelen,N,RÉGION FLAMANDE,Province du Limbourg,Arrondissement de Tongres,3630,3631,,,,,,,,,,,,,,
73109,Fourons,N,RÉGION FLAMANDE,Province du Limbourg,Arrondissement de Tongres,3790,3791,3792,3793,,,,,,,,,,,,
81001,Arlon,F,RÉGION WALLONNE,Province du Luxembourg,Arrondissement d'Arlon,6700,,,,,,,,,,,,,,,
81003,Attert,F,RÉGION WALLONNE,Province du Luxembourg,Arrondissement d'Arlon,6717,,,,,,,,,,,,,,,
81004,Aubange,F,RÉGION WALLONNE,Province du Luxembourg,Arrondissement d'Arlon,6790,6791,6792,,,,,,,,,,,,,
81013,Martelange,F,RÉGION WALLONNE,Province du Luxembourg,Arrondissement d'Arlon,6630,,,,,,,,,,,,,,,
81015,Messancy,F,RÉGION WALLONNE,Province du Luxembourg,Arrondissement d'Arlon,6780,6781,6782,,,,,,,,,,,,,
82003,Bastogne,F,RÉGION WALLONNE,Province du Luxembourg,Arrondissement de Bastogne,6600,,,,,,,,,,,,,,,
82005,Bertogne,F,RÉGION WALLONNE,Province du Luxembourg,Arrondissement de Bastogne,6686,6687,6688,,,,,,,,,,,,,
82009,Fauvillers,F,RÉGION WALLONNE,Province du Luxembourg,Arrondissement de Bastogne,6637,,,,,,,,,,,,,,,
82014,Houffalize,F,RÉGION WALLONNE,Province du Luxembourg,Arrondissement de Bastogne,6660,6661,6662,6663,,,,,,,,,,,,
82032,Vielsalm,F,RÉGION WALLONNE,Province du Luxembourg,Arrondissement de Bastogne,6690,6692,6698,,,,,,,,,,,,,
82036,Vaux-sur-Sûre,F,RÉGION WALLONNE,Province du Luxembourg,Arrondissement de Bastogne,6640,6642,,,,,,,,,,,,,,
82037,Gouvy,F,RÉGION WALLONNE,Province du Luxembourg,Arrondissement de Bastogne,6670,6671,6672,6673,,,,,,,,,,,,
82038,Sainte-Ode,F,RÉGION WALLONNE,Province du Luxembourg,Arrondissement de Bastogne,6680,6681,,,,,,,,,,,,,,
83012,Durbuy,F,RÉGION WALLONNE,Province du Luxembourg,Arrondissement de Marche-en-Famenne,6940,6941,,,,,,,,,,,,,,
83013,Erezée,F,RÉGION WALLONNE,Province du Luxembourg,Arrondissement de Marche-en-Famenne,6997,,,,,,,,,,,,,,,
83028,Hotton,F,RÉGION WALLONNE,Province du Luxembourg,Arrondissement de Marche-en-Famenne,6990,,,,,,,,,,,,,,,
83031,La Roche-en-Ardenne,F,RÉGION WALLONNE,Province du Luxembourg,Arrondissement de Marche-en-Famenne,6980,6982,6983,6984,,,,,,,,,,,,
83034,Marche-en-Famenne,F,RÉGION WALLONNE,Province du Luxembourg,Arrondissement de Marche-en-Famenne,6900,,,,,,,,,,,,,,,
83040,Nassogne,F,RÉGION WALLONNE,Province du Luxembourg,Arrondissement de Marche-en-Famenne,6950,6951,6952,6953,,,,,,,,,,,,
83044,Rendeux,F,RÉGION WALLONNE,Province du Luxembourg,Arrondissement de Marche-en-Famenne,6987,,,,,,,,,,,,,,,
83049,Tenneville,F,RÉGION WALLONNE,Province du Luxembourg,Arrondissement de Marche-en-Famenne,6970,6971,6972,,,,,,,,,,,,,
83055,Manhay,F,RÉGION WALLONNE,Province du Luxembourg,Arrondissement de Marche-en-Famenne,6960,,,,,,,,,,,,,,,
84009,Bertrix,F,RÉGION WALLONNE,Province du Luxembourg,Arrondissement de Neufchâteau,6880,,,,,,,,,,,,,,,
84010,Bouillon,F,RÉGION WALLONNE,Province du Luxembourg,Arrondissement de Neufchâteau,6830,6831,6832,6833,6834,6836,6838,,,,,,,,,
84016,Daverdisse,F,RÉGION WALLONNE,Province du Luxembourg,Arrondissement de Neufchâteau,6929,,,,,,,,,,,,,,,
84029,Herbeumont,F,RÉGION WALLONNE,Province du Luxembourg,Arrondissement de Neufchâteau,6887,,,,,,,,,,,,,,,
84033,Léglise,F,RÉGION WALLONNE,Province du Luxembourg,Arrondissement de Neufchâteau,6860,,,,,,,,,,,,,,,
84035,Libin,F,RÉGION WALLONNE,Province du Luxembourg,Arrondissement de Neufchâteau,6890,,,,,,,,,,,,,,,
84043,Neufchâteau,F,RÉGION WALLONNE,Province du Luxembourg,Arrondissement de Neufchâteau,6840,,,,,,,,,,,,,,,
84050,Paliseul,F,RÉGION WALLONNE,Province du Luxembourg,Arrondissement de Neufchâteau,6850,6851,6852,6853,,,,,,,,,,,,
84059,Saint-Hubert,F,RÉGION WALLONNE,Province du Luxembourg,Arrondissement de Neufchâteau,6870,,,,,,,,,,,,,,,
84068,Tellin,F,RÉGION WALLONNE,Province du Luxembourg,Arrondissement de Neufchâteau,6927,,,,,,,,,,,,,,,
84075,Wellin,F,RÉGION WALLONNE,Province du Luxembourg,Arrondissement de Neufchâteau,6920,6921,6922,6924,,,,,,,,,,,,
84077,Libramont-Chevigny,F,RÉGION WALLONNE,Province du Luxembourg,Arrondissement de Neufchâteau,6800,,,,,,,,,,,,,,,
85007,Chiny,F,RÉGION WALLONNE,Province du Luxembourg,Arrondissement de Virton,6810,6811,6812,6813,,,,,,,,,,,,
85009,Etalle,F,RÉGION WALLONNE,Province du Luxembourg,Arrondissement de Virton,6740,6741,6742,6743,,,,,,,,,,,,
85011,Florenville,F,RÉGION WALLONNE,Province du Luxembourg,Arrondissement de Virton,6820,6821,6823,6824,,,,,,,,,,,,
85024,Meix-devant-Virton,F,RÉGION WALLONNE,Province du Luxembourg,Arrondissement de Virton,6769,,,,,,,,,,,,,,,
85026,Musson,F,RÉGION WALLONNE,Province du Luxembourg,Arrondissement de Virton,6750,,,,,,,,,,,,,,,
85034,Saint-Léger,F,RÉGION WALLONNE,Province du Luxembourg,Arrondissement de Virton,6747,,,,,,,,,,,,,,,
85039,Tintigny,F,RÉGION WALLONNE,Province du Luxembourg,Arrondissement de Virton,6730,,,,,,,,,,,,,,,
85045,Virton,F,RÉGION WALLONNE,Province du Luxembourg,Arrondissement de Virton,6760,6761,6762,,,,,,,,,,,,,
85046,Habay,F,RÉGION WALLONNE,Province du Luxembourg,Arrondissement de Virton,6720,6721,6723,6724,,,,,,,,,,,,
85047,Rouvroy,F,RÉGION WALLONNE,Province du Luxembourg,Arrondissement de Virton,6767,,,,,,,,,,,,,,,
91005,Anhée,F,RÉGION WALLONNE,Province de Namur,Arrondissement de Dinant,5537,,,,,,,,,,,,,,,
91013,Beauraing,F,RÉGION WALLONNE,Province de Namur,Arrondissement de Dinant,5570,5571,5572,5573,,,,,,,,,,,,
91015,Bièvre,F,RÉGION WALLONNE,Province de Namur,Arrondissement de Dinant,5555,,,,,,,,,,,,,,,
91030,Ciney,F,RÉGION WALLONNE,Province de Namur,Arrondissement de Dinant,5590,,,,,,,,,,,,,,,
91034,Dinant,F,RÉGION WALLONNE,Province de Namur,Arrondissement de Dinant,5500,5501,5502,5503,,,,,,,,,,,,
91054,Gedinne,F,RÉGION WALLONNE,Province de Namur,Arrondissement de Dinant,5575,,,,,,,,,,,,,,,
91059,Hamois,F,RÉGION WALLONNE,Province de Namur,Arrondissement de Dinant,5360,5361,5362,5363,,,,,,,,,,,,
91064,Havelange,F,RÉGION WALLONNE,Province de Namur,Arrondissement de Dinant,5370,5372,5374,5376,,,,,,,,,,,,
91072,Houyet,F,RÉGION WALLONNE,Province de Namur,Arrondissement de Dinant,5560,5561,5562,5563,,,,,,,,,,,,
91103,Onhaye,F,RÉGION WALLONNE,Province de Namur,Arrondissement de Dinant,5520,5521,5522,5523,,,,,,,,,,,,
91114,Rochefort,F,RÉGION WALLONNE,Province de Namur,Arrondissement de Dinant,5580,,,,,,,,,,,,,,,
91120,Somme-Leuze,F,RÉGION WALLONNE,Province de Namur,Arrondissement de Dinant,5377,,,,,,,,,,,,,,,
91141,Yvoir,F,RÉGION WALLONNE,Province de Namur,Arrondissement de Dinant,5530,,,,,,,,,,,,,,,
91142,Hastière,F,RÉGION WALLONNE,Province de Namur,Arrondissement de Dinant,5540,5541,5542,5543,,,,,,,,,,,,
91143,Vresse-sur-Semois,F,RÉGION WALLONNE,Province de Namur,Arrondissement de Dinant,5550,,,,,,,,,,,,,,,
92003,Andenne,F,RÉGION WALLONNE,Province de Namur,Arrondissement de Namur,5300,,,,,,,,,,,,,,,
92006,Assesse,F,RÉGION WALLONNE,Province de Namur,Arrondissement de Namur,5330,5332,5333,5334,,,,,,,,,,,,
92035,Eghezée,F,RÉGION WALLONNE,Province de Namur,Arrondissement de Namur,5310,,,,,,,,,,,,,,,
92045,Floreffe,F,RÉGION WALLONNE,Province de Namur,Arrondissement de Namur,5150,,,,,,,,,,,,,,,
92048,Fosses-la-Ville,F,RÉGION WALLONNE,Province de Namur,Arrondissement de Namur,5070,,,,,,,,,,,,,,,
92054,Gesves,F,RÉGION WALLONNE,Province de Namur,Arrondissement de Namur,5340,,,,,,,,,,,,,,,
92087,Mettet,F,RÉGION WALLONNE,Province de Namur,Arrondissement de Namur,5640,,,,,,,,,,,,,,,
92094,Namur,F,RÉGION WALLONNE,Province de Namur,Arrondissement de Namur,5000,5001,5002,5003,5004,5020,5021,5024,,,,,,,,
92097,Ohey,F,RÉGION WALLONNE,Province de Namur,Arrondissement de Namur,5350,5351,5352,5353,,,,,,,,,,,,
92101,Profondeville,F,RÉGION WALLONNE,Province de Namur,Arrondissement de Namur,5170,,,,,,,,,,,,,,,
92114,Sombreffe,F,RÉGION WALLONNE,Province de Namur,Arrondissement de Namur,5140,,,,,,,,,,,,,,,
92137,Sambreville,F,RÉGION WALLONNE,Province de Namur,Arrondissement de Namur,5060,,,,,,,,,,,,,,,
92138,Fernelmont,F,RÉGION WALLONNE,Province de Namur,Arrondissement de Namur,5380,,,,,,,,,,,,,,,
92140,Jemeppe-sur-Sambre,F,RÉGION WALLONNE,Province de Namur,Arrondissement de Namur,5190,,,,,,,,,,,,,,,
92141,La Bruyère,F,RÉGION WALLONNE,Province de Namur,Arrondissement de Namur,5080,5081,,,,,,,,,,,,,,
92142,Gembloux,F,RÉGION WALLONNE,Province de Namur,Arrondissement de Namur,5030,5031,5032,,,,,,,,,,,,,
93010,Cerfontaine,F,RÉGION WALLONNE,Province de Namur,Arrondissement de Philippeville,5630,,,,,,,,,,,,,,,
93014,Couvin,F,RÉGION WALLONNE,Province de Namur,Arrondissement de Philippeville,5660,,,,,,,,,,,,,,,
93018,Doische,F,RÉGION WALLONNE,Province de Namur,Arrondissement de Philippeville,5680,,,,,,,,,,,,,,,
93022,Florennes,F,RÉGION WALLONNE,Province de Namur,Arrondissement de Philippeville,5620,,,,,,,,,,,,,,,
93056,Philippeville,F,RÉGION WALLONNE,Province de Namur,Arrondissement de Philippeville,5600,,,,,,,,,,,,,,,
93090,Viroinval,F,RÉGION WALLONNE,Province de Namur,Arrondissement de Philippeville,5670,,,,,,,,,,,,,,,
